ExternalRiskEstimate,MSinceOldestTradeOpen,MSinceMostRecentTradeOpen,AverageMInFile,NumSatisfactoryTrades,NumTrades60Ever2DerogPubRec,NumTrades90Ever2DerogPubRec,PercentTradesNeverDelq,MSinceMostRecentDelq,MaxDelq2PublicRecLast12M,MaxDelqEver,NumTotalTrades,NumTradesOpeninLast12M,PercentInstallTrades,MSinceMostRecentInqexcl7days,NumInqLast6M,NumInqLast6Mexcl7days,NetFractionRevolvingBurden,NetFractionInstallBurden,NumRevolvingTradesWBalance,NumInstallTradesWBalance,NumBank2NatlTradesWHighUtilization,PercentTradesWBalance,RiskPerformance
86,30,10.0,111.0,20,0,0,80,5,7.0,8.0,32.0,2.0,13.0,3,1.0,0,2,0.1,1,3,0,27,Good
88,220,2.0,105.0,67.0,0,0.0,100.0,0,7.0,8.0,47.0,4.0,3.0,1,1,1.0,9,2,11,1,0,42,Good
85.0,219,6.0,104.0,35.0,0,0,100.0,0,6.0,7.0,38.0,2.0,43.0,0,2,2.0,4,0,5,1,0,50,Good
,118,4.0,61.0,,,,,No Payment History,6.0,6.0,29.0,2.0,55.0,0,,2.0,37,,5,16,1,72.41,Good
59.0,243,11.0,127,41,1.0,1.0,93.0,4,4.0,6.0,43.0,1.0,50.0,0,2,1.0,63,78,7,4,3,86,Bad
77.0,220,2.0,0,38.0,0.0,0.0,0,0,7.0,8.0,40.0,1.0,53.0,0,0,1.0,25,0,5,0,1,0,Bad
86,157,15.0,93.0,10.0,0,1.0,90,40,6.0,5.0,11.0,0.0,18.0,30,0.0,0,0,0,0,0,0,0,Good
86,125,9.0,67.0,14,4.0,1.0,73.7,16,6.0,3.0,19.0,1.0,53.0,0,0,0.0,85,45.0,1,5,0,31.6,Bad
70.0,178,6.0,114.0,14,0.0,0,88.0,6,6.0,6.0,16.0,2.0,31.0,0,0.0,0.0,43,16,7,3,3,92,Bad
57.0,120,12.0,63.0,7,4.0,2,63.6,24,0.0,2.0,11.0,0.0,60.0,0,0.0,0.0,38,78,1,2,1,27.3,Bad
72,152,9.0,80.0,48,0,0.0,100.0,180,5.0,8.0,49.0,2.0,20.0,0,1,0,22,12,9,6,2,37,Good
60.0,160,3.0,81.5,13,2,1,81.25,6,4.0,6.0,16.0,4.0,31.0,4,3,2.0,65,74,2,3,1,63,Good
80.0,137,7.0,72.0,43,0.0,0.0,100.0,0,7.0,8.0,43.0,1.0,26.0,2,2.0,2,29,8,2,1,1,7.0,Good
86.0,220,10.0,113.0,26.0,0,0.0,100.0,15,7.0,8.0,32.0,2.0,27.0,2,1.0,0,13,50,2,3,0,15.6,Good
60.0,150,7.0,68.0,8,2.0,2,80,30,5.0,3.0,10.0,1.0,50.0,0,0.0,0.0,89,87,3,3,1,60,Bad
80.0,322,4.0,103.0,26,0,0.0,92.0,21,6.0,5.0,26.0,1.0,12.0,0,0,0,2,0,2,1,1,7.7,Good
82.0,220,4.0,112,24.0,1.0,1,96.0,50,6.0,5.0,25.0,4.0,52.0,4,1.0,1,2,2,1,13,0,56,Good
95,247,21.0,99.0,28.0,0,0,100.0,0,7.0,8.0,32.0,0.0,32.0,15,1,1,20,30,5,3,1,25,Good
80,180,0.0,45.0,14.0,0.0,0,90,0,7.0,8.0,16.0,3.0,44.0,0,2.0,2.0,25,20,2,2,0,25,Bad
0,277,6.0,141.5,28,0.0,0,71.0,3,4.0,6.0,28.0,1.0,54.0,5,0.0,0,52,0,5,0,0,17.86,Bad
70.0,220,6.0,98,20,0.0,0.0,100.0,0,7.0,8.0,25.0,1.0,28.0,0,1.0,1.0,86,45,9,1,5,92,Bad
69.0,166,1.0,97.0,13,0,0,100,0,7.0,8.0,13.0,4.0,0.0,0,13.0,0,40,0,8,0,0,61.54,Bad
86,152,20.0,81,19.0,1.0,0.0,95,71,6.0,5.0,20.0,0.0,60.0,0,0.0,0.0,94,53,1,2,1,100,Bad
84.0,120,7.0,85.0,14.0,0,0,85,12,7.0,8.0,14.0,1.0,57.0,7,0,0,18,75,2,3,0,35.71,Good
55.0,240,10.0,125,53,1.0,1.0,98.0,12,4.0,6.0,54.0,1.0,69.0,1,1,1,83,56,6,19,2,46.3,Bad
78,315,16.0,102.0,15,1.0,0,79.0,64,6.0,5.0,19.0,0.0,53.0,0,0,0,0,0,1,5,0,29,Good
72.0,238,8.0,110.0,14.0,0,0.0,93.0,3,3.0,5.0,31.0,1.0,20.0,4,2.0,2,8,9.6,5,6,0,35.48,Good
86,13,4.0,8.0,3,0,0,100.0,0,7.0,8.0,3.0,2.0,33.0,0,3.0,3,2,1,1,1,0,67,Bad
74.0,310,4.0,140,8.0,1.0,1.0,89.0,14,6.0,5.0,9.0,2.0,67.0,13,0.0,0.0,23,10,1,3,0,44.4,Good
78.0,200,6.0,80.0,48,0.0,0,100.0,0,7.0,8.0,48.0,1.0,56.0,1,0,0,11,92,3,24,0,56.25,Good
66.0,176,4.0,86.0,29,2.0,0,89.0,3,0.0,5.0,33.0,2.0,14.0,3,1,1.0,16,5,11,3,0,42.42,Good
85,82,19.0,55.0,10.0,0.0,0,100.0,0,7.0,8.0,10.0,0.0,40.0,0,2.0,1,40,40,2,2,1,71,Bad
85,513,5.0,100,25.0,0,0.0,100.0,0,7.0,8.0,25.0,1.0,16.0,14,0,0,2,1.5,3,4,1,25,Good
66.0,190,2.0,96.0,25.0,5.0,5.0,71.43,2.0,6.0,2.0,35.0,3.0,59.0,0,2.0,2.0,94,121,4,4,1,22.86,Bad
80,148,7.0,78,17.0,0.0,0,83.0,0,6.0,6.0,18.0,1.0,44.0,0,0.0,0,28,48,2,2,0,40,Good
0,0,2.0,103.0,0,1.0,1.0,0,0,6.0,8.0,0.0,2.0,25.0,0,0.0,0.0,78,81,4,1,1,83,Good
86,179,1.0,90.0,14.0,0,0.0,63.64,0,7.0,8.0,22.0,9.0,40.0,0,5,5.0,52,100,5,8.8,2,62.73,Good
88.0,308,17.0,147.0,26,0,0,96.0,0,5.0,7.0,27.0,0.0,52.0,0,0.0,0,3,3,5,2,0,25.9,Good
85.0,325,11.0,168,40.18,0.0,0.0,98.0,12,5.0,7.0,41.0,1.0,29.0,0,2,2.0,19,80,3,20.37,0,57,Bad
0,0,7.0,0,22.0,0.0,0.0,0,0,7.0,8.0,23.0,4.0,39.0,0,0,0,31,0,4,0,0,0,Good
76.0,185,4.0,69.0,32.0,0.0,0.0,97.0,2,6.0,6.0,34.0,3.0,13.0,0,1.0,0,16,54,4,3,1,41,Good
87.0,241,2.0,93.0,18,0,0,100.0,0,7.0,8.0,18.0,4.0,17.0,1,1.0,1,7,2,5,1,1,50,Good
20,150,26.0,104.0,6.0,0.0,0,100.0,0,7.0,8.0,6.0,0.0,33.0,0,0.0,0,1,0.33,2,1,0,60,Good
86,219,5.0,82.0,13.0,0.0,0.0,92.86,0,6.0,6.0,14.0,1.0,21.0,0,0,0.0,9,0,3,1,0,28.57,Good
76.0,270,5.0,137.5,19.0,0,3.0,95.0,62,6.0,2.0,5.0,1.0,35.0,5,0.0,0,2,2,4,3,0,58,Good
80,400,69.0,275.0,4.0,0.0,0,100.0,0,7.0,8.0,4.0,0.0,0.0,0,1.0,0,4,0,1,0,0,25,Good
74.0,165,3.0,84.0,28.0,0.0,0.0,97.0,6.0,6.0,6.0,30.0,4.0,33.0,0,1.0,1.0,58,86,4,7,1,67,Good
90.0,120,4.0,96.0,31,0,0,100.0,0,7.0,8.0,31.0,1.0,42.0,0,0,0,2,2,1,13,0,45.16,Good
71.0,22,20.0,21.0,10.0,1.0,1.0,71.4,12,6.0,2.0,7.0,0.0,36.0,22.0,0.0,0.0,0,0,2,3,2,75,Good
90,200,24.0,97,19.0,0.0,0,100,31,6.0,6.0,19.0,0.0,58.0,16,0.0,0.0,54,57,1,4,0,26.3,Good
80.0,130,2.0,66.0,35.0,0,0,100.0,0,7.0,8.0,36.0,2.0,47.0,0,0.0,0.0,2,0.94,5,7,0,33.33,Bad
86,280,10.0,145,19.0,0.0,0.0,100.0,7,7.0,8.0,20.0,1.0,16.0,12,0.0,0.0,1,0.16,2,1,0,33,Good
75,61,16.0,63.0,5.0,0,0,67.0,8,6.0,6.0,13.0,0.0,50.0,1,1.0,1.0,43,30,2,1,0,23.08,Bad
86,231,3.0,10,27.0,0,0.0,100.0,6,7.0,8.0,25.0,4.0,33.0,18,0,0,10,5,3,2,0,20,Bad
85.0,157,18.0,62.0,12.0,0,0,100.0,0,7.0,8.0,12.0,0.0,8.0,0,0,0.0,13,0,8,1,0,90,Bad
64.0,216,2.0,86.0,15,0,1.0,60.0,6,6.0,4.0,25.0,2.0,36.0,0,4.0,3,40,58,1,4,1,20,Good
79.0,114,9.0,49.0,28.0,0.0,0,100.0,0,7.0,8.0,28.0,2.0,36.0,0,2,1.0,2,6.72,3,10.08,0,46.71,Good
85.0,150,7.0,78.5,19,0.0,0.0,100.0,150,7.0,8.0,19.0,1.0,58.0,150,0,0,19,11.02,2,11,2,68.42,Good
83.0,0,4.0,60.0,18.0,0,0,100.0,0,7.0,8.0,18.0,5.0,44.0,3,1,1.0,8,0,1,3,0,5.56,Good
65.0,120,5.0,54.0,28.0,1.0,1.0,80,4,4.0,4.0,31.0,2.0,58.0,0,0.0,0,51,62,4,5,2,75,Bad
60.0,9,3.0,5.0,5,0.0,0.0,100,0,7.0,8.0,5.0,5.0,20.0,0,7,7.0,36,7.2,2,1,1,60,Bad
88.0,200,4.0,93.0,45,0,0.0,100.0,12,7.0,8.0,55.0,3.0,22.0,6,0.0,0,3,71,3,12,0,27.27,Good
63.0,203,4.0,104,42,0.0,0.0,100,63,6.0,6.0,42.0,4.0,55.0,12,5.0,5.0,80,40,3,4,1,70,Bad
86,159,1.0,80,37.0,0,0.0,97.4,12,7.0,8.0,38.0,5.0,24.0,0,1,0,22,7,4,9,1,33,Good
72,300,4.0,80.0,52.0,0,0.0,96.0,12,4.0,6.0,77.0,2.0,13.0,6,1,0,2,1,2,1,0,3.9,Bad
86,200,10.0,99.0,26.0,0,0,89.0,38,5.0,3.0,28.0,1.0,43.0,10,0.0,0,2,2,3,2,0,17.86,Good
86,219,6.0,97,25.0,0,0,96.0,24,6.0,6.0,26.0,1.0,42.0,0,0,0,0,0,1,0,0,3.85,Good
66.0,200.0,1.0,100.5,13.0,0.0,0.0,94.0,21,6.0,6.0,16.0,6.0,38.0,2.0,1.0,1.0,40,66,4,3,1,80,Good
70.0,139,5.0,72.0,22,1.0,0,95.65,19,6.0,5.0,23.0,2.0,57.0,5,1,1,39,66,2,3,0,21.74,Good
69.0,180,7.0,95,28,0.0,0.0,85,12,7.0,8.0,30.0,1.0,30.0,0,2,1.0,71,68,7,9,1,100,Good
76.0,219,9.0,86.0,27.0,0.0,0,97.0,12,6.0,6.0,30.0,3.0,33.0,1,1.0,0,48,30,4,2,0,20,Good
57.0,469,7.0,117.0,31.0,0,0.0,91.18,0,4.0,6.0,34.0,1.0,38.0,0,0,0.0,33,65,7,3,3,29.41,Bad
88.0,190,2.0,96.0,16.0,0.0,0.0,100.0,0,7.0,8.0,17.0,3.0,41.0,6,0.0,0.0,6,76,1,5,0,33,Good
70,180,2.0,18.0,6.0,0,0,100.0,0,7.0,8.0,20.0,4.0,0.0,1,2,2.0,8,0,2,0,0,50,Good
55.0,116,2.0,59,21,2.0,1,90,6,6.0,5.0,24.0,3.0,54.0,1,2,1.0,81,79,7,13,5,82,Bad
71.0,0,5.0,0,0,0,0.0,0,0,7.0,8.0,37.0,3.0,43.0,0,0,0,49,98,6,0,1,82,Bad
72.0,113,18.0,70,18,1,0.0,80,24,5.0,7.0,25.0,0.0,48.0,0,2.0,2.0,52,27,4,4,2,73,Bad
61.0,104,3.0,50.0,37.0,0.0,0.0,100,0,6.0,6.0,37.0,2.0,38.0,1,4,4.0,52,94,6,5,3,65,Bad
,122,0.0,61.0,,,0.0,,Never Had Delinquency,7.0,8.0,27.0,2.0,26.0,0,,2.0,2,76,2,2,0,,Good
64.0,150,2.0,45.0,12.0,0,1.0,85.71428571428571,3,0.0,2.0,14.0,4.0,21.0,0,2.0,2.0,9,2.25,4,1,1,56,Bad
74.0,99,2.0,47.0,15.0,0.0,0.0,81.0,2.0,6.0,6.0,16.0,2.0,50.0,99.0,0.0,0.0,0,75,0,8.0,0,50.0,Good
85,8,2.0,4.0,3,0.0,0.0,0,0,7.0,8.0,3.0,3.0,0.0,0,46,46.0,70,0,3,0,2,100,Bad
69.0,103,11.0,57.0,29,0.0,0.0,100.0,0,7.0,8.0,29.0,1.0,34.0,4,2.0,2.0,48,25,5,10,3,80,Bad
86,219,2.0,97,6.0,0.0,0,100.0,0,7.0,8.0,8.0,4.0,38.0,0,3,3.0,36,12,2,1,1,60,Bad
56.0,106,2.0,31.0,40.0,0.0,0.0,97.56,0,7.0,8.0,41.0,10.0,46.0,0,11,11.0,57,86,14,6,3,34.15,Bad
55.0,101,4.0,52.5,12.0,0.0,0,92.0,2,4.0,6.0,13.0,3.0,38.0,0,0,0.0,43,16,5,3,2,100,Bad
63.0,211,1.0,106,29,1.0,1.0,61,53,6.0,2.0,31.0,14.0,11.0,2,3.0,3.0,66,91,24,3,2,84,Bad
68.0,219,10.0,89.0,25.0,0,0.0,96.0,6,6.0,6.0,27.0,1.0,27.0,1,12,12.0,24,15,4,3,2,54,Good
81.0,339,3.0,171,23.0,0,0.0,100.0,0,7.0,8.0,24.0,2.0,46.0,0,0.0,0.0,33,63,4,15,0,80,Good
78,214,20.0,122.0,6.0,3.0,3,54.0,2,3.0,3.0,13.0,0.0,62.0,30,0.0,0.0,11,60,3,2,0,38.5,Good
66.0,180,5.0,80,15,0,0.0,85,19,6.0,5.0,21.0,1.0,19.0,0,0.0,0.0,65,30,3,1,1,33,Bad
79.0,166,6.0,91.0,14,0.0,0.0,96.0,13,6.0,6.0,15.0,1.0,17.0,7,0.0,0,24,12,4,2,0,46,Bad
66.0,300,5.0,150,38.0,0.0,0.0,97.0,9,4.0,6.0,26.0,1.0,26.0,0,4.0,3.0,38,61,5,3,1,30.8,Bad
63.0,229,1.0,115.0,46,2.0,0.0,87.0,0,4.0,5.0,48.0,2.0,30.0,2,2,2.0,42,30,9,2,5,22.92,Bad
54.0,27,9.0,18.0,8.0,1.0,0.0,87.5,8.0,7.0,8.0,8.0,2.0,100.0,1.0,2.0,1.0,0.0,1.0,0.0,8.0,0.0,100.0,Bad
80.0,291,6.0,94.0,22.0,0,0,100.0,0,7.0,8.0,24.0,1.0,68.0,6,0,0,7,0,2,1,0,12.5,Good
0,0,6.0,62.0,23.0,0.0,0,100.0,0,7.0,8.0,0.0,1.0,9.0,0,0,0,0,0,0,2,0,29,Good
75.0,219,7.0,97,22,0.0,0.0,80,12,7.0,8.0,24.0,2.0,50.0,6,0.0,0,46,54,3,13,1,67,Good
85,358,9.0,97.0,39.0,0,0.0,70,180,7.0,8.0,39.0,1.0,10.0,0,0,0,29,2,7,2,2,37,Bad
58.0,22,2.0,12.0,6.0,0.0,0.0,100.0,0.0,7.0,8.0,6.0,5.0,50.0,0.0,2.0,2.0,101,76,1,3,1.0,100,Bad
77.0,187,8.0,97.5,14.0,0.0,0.0,93.0,8.0,6.0,6.0,28.0,2.0,21.0,1,1.0,1.0,5,2.0,4,1,0,17.86,Bad
78,180,9.0,100,0,4.0,1.0,71.0,1,3.0,4.0,0.0,2.0,33.0,15,0.0,0.0,46,50,6,4,1,73,Good
78.0,152,9.0,56.0,14.0,0,0.0,87.0,0,6.0,6.0,15.0,1.0,40.0,0,0.0,0.0,3,3,2,1,0,20.0,Bad
74.0,102,4.0,53.0,11,0,0,92.0,62,6.0,2.0,12.0,1.0,33.0,4,3,2.0,3,2,2,3,0,43,Good
80,120,68.0,143.0,8.0,0.0,0.0,100.0,0,7.0,8.0,8.0,0.0,0.0,0,0.0,0.0,20,0,4,0,0,50,Bad
?,?,9.0,58.0,16.0,?,?,100.0,?,7.0,8.0,17.0,1.0,24.0,2,?,2.0,23,?,2,2,,67,Good
72,210,9.0,116.0,55,1,1.0,78,12,4.0,3.0,64.0,2.0,9.0,0,2.0,1,5,3,7,2,0,37,Good
54.0,203,4.0,103.5,47.0,5,5.0,90.0,13,0.0,2.0,49.0,2.0,76.0,0,3.0,3.0,56,90,5,14,0,38.78,Bad
0,0,4.0,68.0,42.0,0.0,0.0,100.0,0,7.0,8.0,22.0,3.0,14.0,0,1.0,0,11,0,10,2,0,48,Good
0,336,13.0,0,0,0,0,0,4,2.0,4.0,18.0,0.0,33.0,0,4.0,0,65,0,4,2,2,75,Bad
78,258,11.0,82.0,10,0.0,0.0,100.0,0,7.0,8.0,15.0,1.0,20.0,19,1,1,1,0.2,1,1,0,29,Good
64.0,252,29.0,140.5,2,1.0,1,66.7,6,6.0,8.0,3.0,0.0,100.0,1,2,1,0,0.3,0,3,0,100,Bad
60.0,97,14.0,55.5,5,0.0,0.0,78.0,2,4.0,6.0,7.0,0.0,33.0,12,0.0,0.0,97,20,2,5,2,100,Bad
61.0,122,15.0,52.0,13,0.0,0,72.0,15,4.0,6.0,18.0,0.0,61.0,0,0.0,0.0,52,60,3,15,0,100,Bad
90,362,35.0,139.0,12.0,0.0,0,100.0,0,7.0,8.0,12.0,0.0,8.0,0,0.0,0,1,0,4,1,2,41.67,Good
82.0,197,11.0,104.0,29.0,0.0,0.0,100.0,0,7.0,8.0,29.0,1.0,66.0,0,0.0,0.0,64,81,2,3,0,83,Good
80,260,10.0,136.0,9.0,3.0,3,82.0,2,0.0,2.0,11.0,1.0,18.0,0,1,1.0,34,6.12,1,1,0,18.18,Bad
78,239,4.0,121.5,10.0,1.0,0,91.0,30,6.0,5.0,11.0,3.0,36.0,5,1,1,11,5,2,2,0,80,Bad
78,351,8.0,93.0,30.0,0,0.0,90.0,12,4.0,6.0,28.0,1.0,7.0,2,1.0,1.0,9,3,7,0,0,25.0,Good
85,276,18.0,80.0,15.0,0,0.0,100.0,0,7.0,8.0,15.0,0.0,33.0,17,0.0,0.0,12,12,3,2,0,20,Good
0,0,10.0,90.0,16.0,0,0,0,0,7.0,8.0,16.0,1.0,31.0,0,0,2.0,0,0,1,2,0,0,Good
89.0,166,6.0,95,19.0,0,0.0,100.0,5,7.0,8.0,19.0,1.0,32.0,9,0.0,0,10,5,4,4,1,75,Bad
62.0,0,11.0,0,0,0.0,0.0,0,0,6.0,6.0,27.0,1.0,41.0,0,0,0,66,0,4,3,2,88,Bad
83.0,219,35.0,97,12.0,0,0,100.0,0,7.0,8.0,13.0,0.0,42.0,30,1.0,1.0,26,0,2,1,0,75,Good
72.0,120,9.0,61.0,24,0.0,0.0,80,12,7.0,8.0,24.0,8.0,21.0,8,0,0.0,23,15,4,5,2,50,Bad
81.0,250,9.0,95.0,18,0,0,100.0,0,7.0,8.0,18.0,1.0,83.0,0,0.0,0,0,64,1,0,0,5.56,Good
76.0,98,9.0,53.5,15.0,0,0.0,69.0,6,4.0,6.0,16.0,1.0,44.0,0,1.0,0,2,0.38,2,3,1,75,Bad
83.0,200,10.0,105,14,0.0,0.0,100.0,0,7.0,8.0,14.0,1.0,43.0,19,0.0,0.0,17,87,6,6,0,100,Good
62.0,200,20.0,100,11.0,5.0,4.0,52.38,24,6.0,2.0,21.0,0.0,44.0,0,0.0,0.0,40,44,5,2,2,33.33,Bad
74.0,120,17.0,111.0,11,0.0,0.0,53.0,4,4.0,6.0,20.0,0.0,30.0,0,1.0,0,6,6,3,3,0,30,Bad
80.0,217,9.0,113.0,42.0,0,0.0,100.0,7,7.0,8.0,42.0,1.0,19.0,12,0.0,0,12,12,6,8,1,33.33,Good
59.0,94,4.0,33.0,25,0,0,80,12,4.0,6.0,31.0,3.0,29.0,3,2,1,48,96,10,7,0,76,Bad
88,76,8.0,95,7,0,0,78.0,0,0.0,8.0,9.0,3.0,25.0,0,3,2.0,74,32,2,2,1,67,Bad
73.0,0,3.0,53.0,0,0,0,100.0,0,7.0,8.0,26.0,4.0,54.0,0,0,5.0,25,60,4,0,0,0,Bad
92,354,1.0,67.0,13.0,0.0,0.0,100.0,0,7.0,8.0,15.0,3.0,13.0,1,1.0,1,14,5,2,1,0,20,Bad
82.0,266,8.0,118.0,22,1.0,0.0,91.0,78,6.0,5.0,23.0,2.0,43.0,2,2,1,39,66,2,7,0,39,Good
87.0,240,6.0,123,40.0,0,0.0,100.0,0,7.0,8.0,57.0,2.0,39.0,6,0,0,5,5,2,5,0,12.28,Good
82.0,205,5.0,68.0,15.0,0,0.0,87.0,19,6.0,6.0,15.0,3.0,33.0,0,0.0,0.0,5,5,3,3,0,40,Good
65.0,259,5.0,132.0,27.0,0.0,0.0,80.0,12.0,7.0,8.0,27.0,2.0,11.0,0,1.0,1.0,89,10.0,7,3,2,80,Bad
68.0,240,12.0,120,45,0,1.0,80,30,4.0,6.0,50.0,0.0,29.0,0,2.0,2.0,67,56,4,10,5,74,Bad
70.0,219,3.0,97,37.0,0,0.0,97.0,1,4.0,6.0,39.0,2.0,36.0,1,10,10.0,5,5,4,2,0,15.4,Bad
86,144,3.0,62.0,31.0,1,1.0,91.0,13,6.0,3.0,33.0,5.0,36.0,0,1,0,9,3,4,1,0,15.2,Bad
0,0,21.0,41.0,10.0,0,0.0,0,0,7.0,8.0,10.0,0.0,10.0,0,0,0,13,0,1,1,0,67,Bad
73,156,2.0,110,20,0,0.0,78,16,6.0,6.0,23.0,3.0,13.0,2,4,3.0,74,91,7,3,1,91,Good
80.0,219,4.0,77.0,20,0.0,0,100.0,0,7.0,8.0,25.0,2.0,24.0,2,3.0,0,13,5,3,1,0,57,Good
67.0,210,9.0,95,18.0,0.0,0.0,90,4,4.0,6.0,20.0,3.0,25.0,0,1,1.0,70,91,3,2,0,83,Bad
76.0,157,4.0,80.5,19.0,0,1.0,100,149,7.0,8.0,19.0,1.0,26.0,4,0,0,33,8.58,3,1,1,56,Bad
68.0,115,12.0,63.5,15.0,0,0,93.0,4,4.0,6.0,15.0,0.0,53.0,0,4,4.0,39,22,2,8,0,67,Bad
85,210,3.0,95,25,2.0,1,92.0,10,6.0,2.0,36.0,3.0,42.0,0,3,3.0,51,78,6,4,3,64,Good
70,30,13.0,21.5,3.0,0,2.0,100.0,8,0.0,8.0,4.0,0.0,33.0,0,2.0,2.0,33,33,1,1,0,50,Bad
85.0,259,7.0,78.0,11.0,0.0,0.0,100.0,0,7.0,8.0,11.0,1.0,36.0,0,0.0,0,6,6,2,2,0,50,Good
60.0,150,7.0,87.0,27.0,0.0,0.0,93.0,2,4.0,6.0,0.0,3.0,7.0,0,2.0,1,40,2.8,14,1,3,94,Bad
0,185,5.0,95.0,34.0,0.0,0.0,0,7,4.0,6.0,15.0,2.0,26.0,15,0.0,0.0,57,14.82,16,2,0,95,Good
0,0,9.0,0,0,0,0.0,0,0,7.0,8.0,29.0,1.0,31.0,3,0,0,22,0,8,2,0,63,Good
0,0,2.0,0,0,2.0,1.0,95.0,39,6.0,5.0,40.0,3.0,20.0,0,0,3.0,26,0,5,0,0,0,Bad
81.0,300,2.0,151.0,18.0,0.0,0.0,100.0,0.0,7.0,8.0,19.0,4.0,21.0,2,0,0,17,0,3,3,1,31,Good
89.0,200,6.0,103,16.0,0.0,0,100.0,6,7.0,8.0,16.0,1.0,44.0,7,0,0,6,2,1,2,0,100,Good
80,219,71.0,199.0,8.0,0.0,0,88.0,65,6.0,6.0,8.0,0.0,13.0,0,0.0,0.0,0,0,0,1,0,12.5,Good
72.0,0,11.0,91.0,0,0,1.0,98.0,0,4.0,6.0,54.0,1.0,58.0,2,0,0,0,0,1,0,0,0,Good
86,219,21.0,97,22.0,0,0,100.0,0,7.0,8.0,35.0,0.0,54.0,0,0.0,0,4,4,3,19,0,62.86,Good
86,120,25.0,62.0,15.0,0.0,0,100.0,0,7.0,8.0,15.0,0.0,40.0,0,0.0,0,35,14,3,3,0,40,Bad
54.0,266,5.0,99.0,54,0,0,96.0,0,4.0,6.0,56.0,2.0,43.0,2,3.0,2,58,67,12,24,3,64.3,Bad
0,335,2.0,97.0,13.0,0,1.0,76.0,7,4.0,4.0,17.0,2.0,35.0,0,0,0,0,0,1,0,0,43,Good
67.0,45,5.0,30.0,10,2.0,2.0,80.0,6.0,6.0,8.0,12.0,3.0,70.0,0,1.0,1.0,83,95,2,8,1.0,100,Bad
75.0,120,5.0,99.0,43.0,0,0,100.0,0,7.0,8.0,48.0,3.0,40.0,0,0,0,3,3,5,8,0,27.1,Good
62.0,120,9.0,65,10.0,2.0,1,83.0,5,3.0,5.0,12.0,2.0,33.0,1,1.0,1,14,90,4,1,1,63,Bad
92,98,3.0,43.0,17,0,0,100.0,0,7.0,8.0,17.0,2.0,35.0,2,4,3.0,36,20,2,1,0,75,Good
80.0,150,8.0,82.0,17.0,0,0.0,100.0,200,7.0,8.0,17.0,1.0,24.0,0,0,0,18,11,5,4,2,70,Good
78,80,13.0,74.0,24.0,0.0,0,100.0,12,7.0,8.0,2.0,0.0,21.0,1,1,1,14,5,2,1,1,43,Good
84.0,0,3.0,0,22.0,0,0,0,0,6.0,6.0,22.0,1.0,41.0,0,0,0.0,8,0,2,0,0,0,Good
78,210,3.0,95,37.0,0.0,0.0,95.0,16,6.0,6.0,34.0,2.0,30.0,12,2.0,2.0,13,82,4,5,0,26.5,Good
86,120,5.0,45.0,37.0,0.0,0.0,100.0,12,7.0,8.0,39.0,6.0,18.0,0,1,1.0,41,15,20,7,2,96,Bad
60.0,118,2.0,60,27.0,0.0,0.0,86.0,0,4.0,6.0,31.0,4.0,35.0,0,1.0,0,57,34.2,5,3,2,25.81,Good
79.0,210,13.0,87.0,24.0,0.0,0,96.0,6,6.0,6.0,24.0,0.0,25.0,2,1,1,6,5,1,1,0,25,Good
70,167,5.0,50.0,12,0.0,0,71,6,7.0,8.0,17.0,5.0,34.0,0,1.0,0,21,93,2,7,1,47,Good
70,200,21.0,75.0,15.0,1.0,1,94.0,12,6.0,5.0,16.0,0.0,38.0,0,0.0,0.0,30,20,5,2,0,43.75,Bad
71.0,60,4.0,32.0,16.0,0,0,100.0,0,7.0,8.0,16.0,2.0,56.0,9,0.0,0.0,46,85,5,11,2,100,Bad
85,240,20.0,123.0,19.0,0.0,0.0,100.0,0,7.0,8.0,21.0,0.0,19.0,0,0.0,0.0,3,1,2,1,0,50,Good
86,219,12.0,83.0,24.0,1.0,0.0,96.0,24,6.0,5.0,26.0,0.0,19.0,0,0.0,0,1,19,4,2,0,46,Bad
65.0,219,2.0,110.5,7,0,0,100.0,0,7.0,8.0,7.0,4.0,57.0,0,0,0,54,88,2,2,0,57.14,Bad
750,183,13.0,77.0,16.0,0.0,0.0,100,0,7.0,8.0,16.0,0.0,19.0,0,2.0,2,37,18.5,1,1,0,33,Bad
86,208,22.0,81.0,28.0,0,0.0,90.0,20,6.0,6.0,29.0,0.0,28.0,1,1.0,0,19,76,3,2,0,17.24,Good
83.0,150,12.0,82.0,12,0.0,0,90,75,6.0,6.0,13.0,0.0,46.0,5,1,0.0,2,87,1,3,0,30.8,Good
75.0,219,3.0,102.0,33,0,0,80,22,6.0,6.0,39.0,2.0,23.0,12,1,1,31,20,9,6,2,57,Good
86,360,9.0,125.0,20.0,0.0,0.0,100.0,0,7.0,8.0,20.0,1.0,15.0,0,0.0,0.0,11,22,4,2,0,30.0,Good
78,351,3.0,100.0,23.0,0,0,100.0,0,7.0,8.0,46.0,3.0,13.0,2,2,1,3,2.5,4,3,1,50,Good
80.0,200,11.0,71.0,36.0,0.0,0.0,100.0,0,7.0,8.0,36.0,2.0,39.0,0,0,0,15,10,1,8,0,25,Good
78,215,7.0,108,21.0,0,0.0,100.0,0,7.0,8.0,43.0,1.0,14.0,2,0,0,3,2,3,6,0,50,Good
68.0,240,2.0,70,36.0,3,2.0,86.0,12,6.0,4.0,42.0,7.0,69.0,1,2,2,42,77,4,10,3,88,Bad
84,419,11.0,240.0,13,0.0,0.0,100.0,0,7.0,8.0,13.0,1.0,8.0,11,0.0,0.0,55,5,3,1,0,50,Good
85,187,4.0,95.5,21,0,0,95.0,2,6.0,5.0,22.0,5.0,36.0,0,4.0,4.0,46,30,6,5,2,50,Bad
90,155,13.0,100,13.0,0.0,0,93.0,13,6.0,6.0,14.0,0.0,64.0,14,0.0,0,0,0,0,0,0,0,Bad
78,109,9.0,59,31,1.0,1.0,94.0,4,4.0,2.0,33.0,2.0,38.0,0,4,3.0,62,24,8,1,2,27.3,Bad
84.0,314,3.0,115.0,13.0,1,1.0,71,69,6.0,3.0,14.0,2.0,14.0,0,1,0,3,2,1,2,0,33,Bad
71.0,139,13.0,76.0,4,1.0,1.0,80.0,8,3.0,5.0,5.0,0.0,60.0,0,1.0,0,0,93,0,3.35,0,67,Bad
80,200,14.0,59.0,20.0,2.0,2.0,90.0,16,0.0,6.0,23.0,0.0,5.0,0,0.0,0.0,19,5,4,1,0,31,Bad
79.0,142,2.0,72.0,30.0,0,0.0,100.0,0,7.0,8.0,32.0,2.0,39.0,2,1,1.0,6,2.34,2,10,0,60,Good
500,120,8.0,60,5.0,1.0,0,80,12,6.0,5.0,10.0,1.0,80.0,0,0,0,0.5,0.8,2,8,0,100,Bad
0,0,15.0,89.0,21.0,0,0.0,100.0,0,7.0,8.0,21.0,0.0,48.0,0,0,0.0,3,0,2,0,0,0,Good
61.0,0,3.0,0,0,0.0,0.0,0,0,4.0,6.0,43.0,4.0,65.0,0,0,0,53,82,5,7,1,27.91,Good
79.0,161,8.0,83.0,17.0,0.0,0.0,100.0,0,7.0,8.0,19.0,2.0,42.0,0,0,0,13,5,5,1,1,86,Good
65.0,176,5.0,100,12,2,2.0,85,10,4.0,3.0,14.0,2.0,36.0,20,1,1,58,30,5,2,1,60,Good
84.0,352,25.0,154.0,15,0,0.0,100.0,0,7.0,8.0,15.0,0.0,36.0,0,0.0,0,13,4.68,2,1,0,20.0,Good
59.0,117,10.0,63.5,9,1.0,1.0,91,4,4.0,6.0,11.0,1.0,36.0,0,1,0,105,40,4,1,9,83,Bad
74.0,225,2.0,110,28,0.0,0,80,12,7.0,8.0,32.0,6.0,50.0,6,1,0,40,77,8,8,2,50,Bad
78,81,6.0,46.0,24.0,0.0,0.0,100.0,0,7.0,8.0,24.0,1.0,25.0,4,4.0,4.0,13,8,2,6,0,43,Good
78.0,219,3.0,81.0,30.0,0.0,0,93.75,0,6.0,8.0,32.0,3.0,50.0,0,1,0,43,24,6,2,0,25,Good
?,?,6.0,?,?,3.0,1.0,71.0,?,6.0,5.0,24.0,2.0,29.0,2,?,4.0,86,?,5,?,?,?,Bad
59.0,220,2.0,110.0,24,0.0,0.0,80,4,4.0,6.0,30.0,2.0,47.0,0,0,0.0,55,30.0,4,3,3,23.33,Bad
76.0,188,7.0,56.0,24.0,0.0,0.0,100.0,13.0,7.0,8.0,24.0,1.0,42.0,13,0,0.0,47,20.0,5,2,1,29.2,Good
59.0,219,0.0,53.0,2.0,5.0,5,50,4,4.0,5.0,0.0,1.0,75.0,4,0,0,20,20,1,3,0,100,Bad
600,158,8.0,50,3,0.0,0,97.0,24,6.0,6.0,4.0,1.0,42.0,0,2.0,2.0,37,40,3,2,1,78,Bad
71.0,150,5.0,81.0,42.0,0.0,0.0,98.0,6,6.0,6.0,42.0,5.0,19.0,0,5,4.0,14,6,11,4,3,50,Bad
58.0,92,7.0,49.5,11.0,0.0,0,100,0,6.0,6.0,12.0,1.0,58.0,0,1,1.0,70,78,2,7,1,83,Bad
70,200,2.0,100,22,2.0,1.0,88,5,2.0,4.0,25.0,1.0,44.0,6,0,0.0,56,88,5,9.79,1,89,Bad
73.0,219,16.0,97.0,27.0,0.0,0.0,96.0,6,6.0,6.0,17.0,0.0,18.0,0,4.0,4.0,35,10.5,6,2,1,60,Bad
84.0,180,6.0,103.0,22,0,0.0,100.0,0,7.0,8.0,25.0,2.0,24.0,11,0.0,0,10,92,4,3,0,28.0,Good
73.0,120,6.0,63,10,1,1,70,24,7.0,8.0,14.0,3.0,36.0,1,2.0,2.0,8,86,3,2,1,71,Bad
88,126,6.0,50.0,8,0,0.0,94.0,51,6.0,6.0,9.0,3.0,44.0,0,3.0,2,41,68,4,7,1,79,Good
64.0,139,3.0,71.0,23,0.0,0.0,70.0,7,7.0,8.0,23.0,4.0,43.0,0,0.0,0.0,73,73,5,5,0,43.5,Bad
70,301,17.0,159.0,13.0,0.0,0.0,92.86,4,4.0,6.0,14.0,0.0,36.0,0,0.0,0,46,30.0,2,5,1,60,Good
71.0,162,6.0,58.0,12.0,1.0,1.0,84.6,6,6.0,8.0,13.0,2.0,46.0,0,2.0,2.0,73,42,4,3,2,53.8,Bad
78,171,7.0,23.0,23.0,0.0,0.0,100,2,7.0,8.0,23.0,4.0,13.0,5,1.0,1.0,65,92,12,6,4,79,Bad
70,105,5.0,55.0,20,0,0,80,12,7.0,8.0,28.0,2.0,47.0,4,1.0,1.0,60,96,2,6,2,28.57,Good
86,450,29.0,196.0,12.0,0,0,100.0,0,7.0,8.0,12.0,0.0,8.0,0,0.0,0.0,6,0,2,1,0,25.0,Good
69.0,372,18.0,147.0,10,0,0.0,77.0,0,4.0,5.0,13.0,0.0,38.0,0,0.0,0.0,23,12,5,3,2,73,Bad
86,219,2.0,97,12.0,2.0,2,79.0,15,6.0,2.0,14.0,3.0,36.0,0,5.0,5.0,42,30,5,3,1,57.14,Bad
70,120,2.0,64.0,21.0,0,0,83.0,48,4.0,5.0,23.0,2.0,26.0,2,1.0,1,14,10,3,6,2,38,Good
72.0,200,1.0,100,40,0.0,0,90,0,7.0,8.0,48.0,2.0,43.0,0,1,3.0,60,85,6,6,2,25,Good
64.0,200,25.0,112.5,33.0,0.0,0.0,97.06,6,6.0,6.0,34.0,0.0,27.0,14,0.0,0.0,52,14.04,12,4,2,47.06,Good
78.0,150,5.0,47.0,30.0,1.0,0.0,84.0,12.0,4.0,3.0,36.0,1.0,28.0,0,1.0,1.0,51,20.0,7,2,2.0,69,Good
72.0,150,1.0,52.0,33.0,0,1.0,81.0,28,6.0,2.0,37.0,4.0,22.0,0,1,0,12,5,6,2,0,21.6,Bad
85.0,150,18.0,72.0,8.0,0,0.0,100.0,0,7.0,8.0,8.0,0.0,25.0,17,0.0,0.0,17,62,2,1,1,75,Good
720,219,1.0,110.0,56,3,0.0,95.0,4,4.0,6.0,59.0,4.0,25.0,1,1,1.0,24,66,6,9,0,25.42,Bad
65.0,242,4.0,108,6,2.0,0,75.0,13,6.0,2.0,7.0,3.0,63.0,2,1,1,23,15,1,4,0,100,Bad
78,33,2.0,15.0,14,0,0.0,100.0,0,7.0,8.0,14.0,8.0,21.0,1,5,5.0,24,8,5,3,0,67,Good
73,210,3.0,105.0,20,0,0,93.0,39,6.0,2.0,21.0,2.0,21.0,2,2.0,2,1,0.2,1,1,0,33,Good
79.0,150,5.0,43.0,25.0,0.0,0.0,100.0,5.0,7.0,8.0,25.0,5.0,60.0,0,1,0,18,90,2,5,0,28.0,Good
0,75,0.0,50.0,2.5,0,0,50.0,39,6.0,6.0,5.0,1.0,50.0,0,7.0,0,0,0,0,0,0,0,Bad
71.0,236,1.0,118.5,20,0.0,0.0,100,2,7.0,8.0,20.0,4.0,60.0,1,4.0,3,84,63,3,15,3,91,Good
85.0,0,2.0,0,27.0,0,0,0,0,7.0,8.0,29.0,3.0,31.0,1,0,0,16,0,4,0,0,0,Good
600,344,6.0,137.0,20,0,0.0,100.0,0,7.0,8.0,20.0,1.0,25.0,0,1,1.0,10,5,3,2,1,63,Good
,98,4.0,,,,0.0,,,4.0,6.0,25.0,1.0,32.0,7,1,0.0,75,,3,11,,56,Bad
64.0,30,5.0,17.5,6,1.0,0.0,86.0,14,6.0,5.0,7.0,1.0,57.0,0,1.0,0,70,92,2,3,1,71.43,Bad
86,199,5.0,89.0,15,0.0,0,94.0,48,6.0,6.0,18.0,1.0,17.0,5,1,0,8,8,2,3,0,27.78,Good
42.0,0,1.0,0,50.0,0,6.0,69.0,0,0.0,2.0,62.0,5.0,53.0,0,2.0,0,92,94,4,5,4,0,Bad
86,219,10.0,74.0,10.0,3.0,3,69.0,5,1.0,3.0,13.0,1.0,38.0,0,5,4.0,8,5,1,3,0,30.8,Bad
58.0,33,5.0,19,10,0.0,0.0,83.33,7,7.0,8.0,12.0,4.0,50.0,0,1.0,1.0,96,68,5,5,1,91,Bad
57.0,47,9.0,35.0,5.0,0,0,13,120,6.0,5.0,10.0,1.0,30.0,0,2.0,2.0,66,70,2,2,1,57,Bad
72.0,295,11.0,153.0,18.0,0,0,95.0,8,0.0,2.0,19.0,2.0,53.0,0,0.0,0.0,24,99,2,9,0,57,Good
55.0,200,2.0,100,52.0,0,3.0,83.0,5,3.0,2.0,64.0,4.0,25.0,3,2,1,16,94,4,6,0,15.6,Bad
86,219,5.0,97,12,0.0,0.0,80,12,7.0,8.0,18.0,1.0,33.0,0,3.0,3.0,96,82,7,6,5,100,Bad
84.0,199,11.0,88.0,5,0,0,71.4,6,7.0,8.0,7.0,1.0,43.0,0,0,0,0,0,2,3,0,75,Bad
66.0,342,6.0,174,10,7.0,7.0,58.82,37,0.0,6.0,17.0,1.0,71.0,0,0.0,0.0,50,5.88,3,1,1,100,Bad
58.0,39,1.0,20.0,13,0.0,0.0,100.0,0,7.0,8.0,13.0,1.0,54.0,1.0,4.0,4.0,94,62,3,1,3,30.8,Good
78.0,179.0,5.0,92.0,28.0,0.0,0.0,100.0,0.0,7.0,8.0,43.0,4.0,57.0,5,2.0,2.0,49,79,3,0.0,2,7.0,Good
66.0,120,7.0,63.0,8,1.0,0.0,80,42,6.0,5.0,10.0,1.0,30.0,0,0.0,0.0,74,77,3,1,2,100,Bad
62.0,134,2.0,68.0,15,0.0,0.0,100.0,0,7.0,8.0,15.0,6.0,13.0,30,3,2.0,44,20,3,1,1,57,Bad
75.0,215,12.0,102,29.0,0.0,0.0,94.0,18,4.0,6.0,31.0,0.0,35.0,0,1,1,27,12,2,5,2,22.6,Good
70.0,210.0,1.0,96.0,31.0,0.0,0.0,90.0,7.0,7.0,8.0,33.0,2.0,18.0,1,3.0,3.0,81,76,15,2,7,95,Bad
86.0,174,3.0,88.5,22.0,0,0.0,95.0,46,6.0,6.0,22.0,1.0,23.0,2,1,0,2,99,1,5,0,27.27,Good
70,108,56.0,69.0,2.0,1.0,0.0,66.7,15,6.0,5.0,3.0,0.0,67.0,0,0.0,0.0,80,30,1,1,1,100,Bad
81.0,207,5.0,106.0,37.0,0.0,0.0,95.0,40,6.0,6.0,44.0,1.0,46.0,1,1,1,0,1,2,14,0,36,Good
66.0,105,6.0,41.0,13.0,0.0,0,85.0,3,4.0,6.0,13.0,3.0,54.0,0,2.0,1,36,94,1,7,0,61.54,Bad
71.0,206,6.0,106.0,11,0.0,0.0,100,4,4.0,6.0,11.0,3.0,45.0,4,1,1,71,35.5,1,1,0,67,Good
0,0,2.0,58.0,0,0,0,0,0,7.0,8.0,12.0,2.0,42.0,0,0,0,15,0,2,0,0,0,Good
86,219,18.0,97,40.0,0,0,100.0,0,7.0,8.0,40.0,0.0,35.0,0,0.0,0.0,0,75,2,14,0,40,Good
80,180,5.0,67.0,33,0.0,0.0,97.0,24,6.0,6.0,34.0,3.0,21.0,0,1,0,25,41,9,2,1,65,Good
70,110,3.0,73.0,35.0,0,0.0,97.0,71,6.0,6.0,36.0,5.0,29.0,22,0,0.0,5,5,3,1,2,11.1,Bad
73.0,183,6.0,90.0,19.0,1.0,0,100.0,0,7.0,8.0,19.0,1.0,32.0,0,0,0,6,52,1,2,0,50,Good
90,214,20.0,117.0,29.0,0,1.0,93.0,9,4.0,6.0,30.0,0.0,48.0,1,2,2.0,21,12,2,6,1,25,Good
86,589,3.0,97,6.0,0,0,100,0,7.0,8.0,6.0,2.0,17.0,0,1.0,1.0,30,10,3,1.02,1,60,Good
80,138,30.0,84.0,31.0,0.0,0.0,97.0,12,4.0,6.0,20.0,0.0,32.0,6,1.0,0.0,15,10,3,2,0,25,Bad
84,454,4.0,141.0,29.0,0,0,96.7,7,7.0,8.0,30.0,2.0,17.0,1,3.0,2.0,8,37,2,2,0,13.3,Good
75.0,41,41.0,41.0,1.0,0.0,0.0,100.0,0.0,7.0,8.0,1.0,0.0,100.0,5,1.0,1.0,0.0,0.0,0.0,0.0,0.0,0.0,Bad
72.0,200,14.0,100,22.0,1.0,0,95.0,19,6.0,6.0,23.0,0.0,68.0,0,0,0,28,91,5,18,0,100,Bad
80,76,9.0,42.5,4,1.0,1.0,80,6,6.0,4.0,5.0,1.0,20.0,0,1.0,1.0,84,84,4,1,0,100,Bad
78,98,2.0,50,21.0,0,0.0,100.0,0,7.0,8.0,24.0,1.0,13.0,0,1.0,0,36,20,7,3,1,67,Good
67.0,100,3.0,51.5,19.0,0.0,0.0,100,7,7.0,8.0,21.0,1.0,43.0,0,0,0.0,99,82,7,8,5,89,Bad
67.0,427,17.0,105.0,35.0,0,0.0,94.6,4,4.0,6.0,37.0,0.0,51.0,17,0.0,0.0,45,47,5,6,5,29.7,Bad
0,277,15.0,91.0,8.0,0.0,0.0,0,0,7.0,8.0,8.0,0.0,25.0,22,0,0.0,36,0,5,0,0,0,Good
85.0,120,5.0,62.5,28,0,0,100.0,0,7.0,8.0,28.0,2.0,44.0,2,4,4.0,11,5.5,2,6,0,28.6,Bad
89.0,256,3.0,129.5,19.0,0,0.0,100.0,0,7.0,8.0,27.0,2.0,47.0,0,0,0,0,0,0,0,0,0,Good
78,210,6.0,67.0,11.0,0,0.0,83.33,12,7.0,8.0,12.0,1.0,8.0,1,3,2,3,2,3,1,0,67,Good
62.0,210,1.0,95,15,3.0,0.0,83.0,2,6.0,5.0,18.0,7.0,67.0,0,2.0,2.0,61,92,6,4,2,100,Bad
90,200,4.0,102,22.0,0.0,0.0,100,6,6.0,6.0,22.0,8.0,27.0,0,3,2.0,81,27,9,3,2,71,Bad
86,129,18.0,64.0,28.0,0.0,0.0,70,30,7.0,8.0,28.0,0.0,25.0,0,0.0,0.0,59,30,2,5,0,25,Good
68.0,130,5.0,72.0,16.0,0.0,0.0,89.0,6.0,3.0,5.0,21.0,1.0,47.0,2.0,1.0,0.0,35,15.0,3,4.0,0,33.33,Bad
65.0,118,10.0,64.0,25,0.0,0.0,78.0,2,4.0,6.0,32.0,3.0,34.0,0,2,1.0,17,10,2,10,0,37.5,Good
61.0,174,1.0,61.0,23,0,0.0,88.0,5,4.0,6.0,26.0,3.0,12.0,7,1,0.0,41,21,6,2,1,57,Bad
70.0,150,20.0,81.0,31,0.0,0.0,91.0,6,7.0,8.0,33.0,0.0,9.0,2,1,2.0,72,54,10,3,7,39.39,Bad
90.0,300,25.0,159.0,13.0,0.0,0.0,100.0,6,7.0,8.0,37.0,0.0,62.0,23,0.0,0,0,0.62,1,18,4,50,Good
66.0,54,6.0,28.0,8,1.0,1.0,80.0,7.0,7.0,8.0,10.0,1.0,50.0,2.0,2.0,2.0,74,57,3,2,1,50.0,Bad
86,142,10.0,76,17,0,0.0,100,0,3.0,5.0,17.0,2.0,47.0,15,0,0.0,59,51,3,2,2,29.41,Bad
86,148,2.0,75.0,18.0,0.0,0.0,90.0,6.0,6.0,6.0,21.0,1.0,38.0,1.0,3.0,2.0,38,100,2,2,2,63,Bad
86,219,3.0,97,20.0,0,0,96.0,45,6.0,3.0,24.0,7.0,43.0,0,0,0,1,91,1,10,0,45.83,Good
75.0,0,2.0,107.0,20.0,0,0,0,0,7.0,8.0,21.0,2.0,24.0,2,3.0,0,21,0,7,1,1,67,Good
61.0,132,1.0,68.0,12,2.0,0.0,70.0,6.0,6.0,5.0,16.0,3.0,31.0,0,5.0,5.0,86,20.0,7,3,1,80,Bad
58.0,195,2.0,57.0,27,0.0,0.0,100.0,0,7.0,8.0,27.0,4.0,33.0,1,4,4.0,72,100,9,16,3,92,Bad
67.0,210,23.0,95,20.0,0.0,0.0,65,0,5.0,6.0,24.0,0.0,38.0,22,2,0.0,86,40,5,2,0,70,Bad
61.0,114,4.0,56.0,5,1.0,1.0,0,0,0.0,2.0,7.0,3.0,0.0,0,0.0,0.0,69,0,4,0,0,100,Bad
76.0,316,6.0,161,10,0.0,0.0,90.0,12,7.0,8.0,10.0,1.0,80.0,0,1.0,1.0,81,70,1,6,2,70.0,Bad
70,240,3.0,121.5,14,0.0,0,100,0,7.0,8.0,14.0,1.0,36.0,0,6.0,6.0,45,69,6,3,0,64.29,Bad
71.0,206,2.0,104.0,30.0,0.0,0.0,85.7,6.0,7.0,8.0,35.0,1.0,34.0,0,1.0,1.0,95,61,5,2,3.0,20.0,Bad
68.0,200,3.0,108.0,32,0,0.0,86.0,24,4.0,6.0,37.0,3.0,10.0,2,0,0,6,101,4,1,0,38,Good
85,192,25.0,108.5,19,0.0,0.0,100.0,0,7.0,8.0,19.0,0.0,42.0,0,0,0,2,1,2,1,0,75,Good
74.0,0,9.0,77.0,28.0,0.0,0.0,100.0,0,7.0,8.0,28.0,3.0,11.0,0,0,0,26,0,5,1,0,0,Good
69.0,57,2.0,29.5,15,0.0,0.0,100,0,7.0,8.0,15.0,5.0,47.0,0,1,0,46,0,6,2,0,89,Bad
71.0,0.0,2.0,0.0,0.0,0.0,0.0,0.0,0.0,6.0,6.0,35.0,1.0,33.0,0,0.0,0.0,74,0.0,2,0.0,0.0,67,Bad
82.0,182,8.0,70.0,25.0,0.0,0.0,100.0,0,7.0,8.0,26.0,1.0,8.0,0,2.0,1,6,2,2,1,0,30,Bad
86.0,219,4.0,81.0,12.0,0,0.0,92.0,0,6.0,6.0,12.0,1.0,42.0,0,0,0,5,5,3,4,0,57,Bad
86,258,4.0,103.0,27,0,0.0,100.0,0,7.0,8.0,27.0,1.0,33.0,8,0.0,0.0,31,33,7,9,1,59.26,Good
0,0,4.0,0,47.0,0.0,0.0,0,0,7.0,8.0,47.0,2.0,28.0,0,0.0,0,37,0,4,0,0,0,Good
63.0,322,1.0,161.5,14,1.0,0.0,93.33,16,6.0,5.0,15.0,2.0,13.0,20,1,1.0,72,30,4,2,4,55,Bad
71.0,55,3.0,25.0,9,1.0,1,100.0,0,6.0,8.0,9.0,3.0,44.0,2,1.0,1,1,0,1,2,0,33,Bad
60.0,16,7.0,11.5,2.0,1.0,0,66.7,0,7.0,8.0,3.0,1.0,100.0,0,0.0,0,89,89,0,3,0,100,Bad
70.0,219,3.0,134.0,33.0,0.0,0.0,91.0,0,6.0,6.0,45.0,2.0,26.0,12,0,0,59,39,6,12,2,50,Bad
62.0,158,4.0,70,23,3.0,2.0,82.14,9,6.0,4.0,28.0,3.0,29.0,0,1.0,1.0,63,30,8,6,2,73,Bad
58.0,84.0,4.0,84.0,11.0,2.0,2.0,55.0,6.0,6.0,4.0,20.0,3.0,10.0,0.0,0.0,0.0,24,2.4,4,1,1,50,Bad
77.0,0,4.0,71.0,33.0,0.0,0,100.0,0,7.0,8.0,33.0,2.0,55.0,1,0,0,0,0,2,0,0,6.06,Good
80,76,2.0,95,6,1.0,0,100,0,6.0,8.0,8.0,2.0,38.0,0,2.0,0,48,95,2,2,0,80,Bad
66.0,300,1.0,150.5,33.0,0.0,0.0,63.46,5,7.0,8.0,52.0,6.0,36.0,7,1,0.0,91,75,9,5,5,26.92,Bad
73.0,240,6.0,67.0,35,0.0,0.0,70,4,7.0,8.0,47.0,2.0,49.0,0,1.0,1.0,50,86,4,7,1,69,Bad
54.0,180,20.0,80,13.0,0,0,88,5,1.0,3.0,15.0,0.0,43.0,0,0,0,33,20,3,3,0,86,Good
55.0,219,6.0,97,30,0,1.0,91.0,0,4.0,2.0,36.0,2.0,23.0,3,1,1.0,66,52,5,1,0,100,Bad
70,253,0.0,110.0,39,0,0,100.0,0,7.0,8.0,39.0,3.0,18.0,1,1,1.0,21,16,13,10,0,59,Good
0,37,5.0,0,0,0.0,0.0,0,0,7.0,8.0,16.0,5.0,44.0,0,0.0,0,58,84,1,3,0,71,Bad
58.0,38,3.0,20.5,12,1.0,1.0,85.71,15,6.0,4.0,14.0,5.0,64.0,0,1.0,1.0,82,91,2,5,1,100,Bad
86,164,7.0,64.0,12,0,0,95,0,4.0,6.0,21.0,1.0,19.0,0,0,0.0,70,30,5,1,1,28.57,Good
75.0,0,12.0,0,39.0,0.0,0.0,98.0,0,6.0,6.0,40.0,0.0,35.0,0,2.0,0,17,0,6,0,0,0,Good
78,202,12.0,107,25.0,0,0,100.0,24,7.0,8.0,6.0,0.0,28.0,0,0.0,0.0,11,5,3,2,0,63,Good
86,240,3.0,65.0,45,0.0,0.0,88.24,6,4.0,6.0,51.0,3.0,27.0,0,11.0,9.0,80,20,17,2,10,79,Good
67.0,219,0.0,97,11,1.0,0.0,92,8,3.0,5.0,12.0,2.0,17.0,0,1,0,60,30,5,1,1,75,Bad
72.0,180,5.0,92.5,21,0.0,0.0,80.8,7,7.0,8.0,26.0,2.0,50.0,0,0.0,0.0,78,40,4,1,2,83,Good
86,388,15.0,88.0,41.0,0,0,97.62,15,7.0,8.0,42.0,0.0,14.0,0,2.0,2,16,72,12,2,0,33.33,Good
68.0,0,4.0,49.0,16.0,1.0,0,94.0,19,6.0,6.0,16.0,1.0,50.0,0,0,3.0,50,0,5,0,0,0,Bad
67.0,69,3.0,43.0,6.0,1,1.0,50.0,10,4.0,4.0,10.0,1.0,60.0,0,4,3.0,27,5.4,1,5,0,60,Bad
78,84,2.0,101,15,1.0,1.0,79,12,6.0,8.0,19.0,4.0,53.0,6,1,3.0,84,83,6,10,1,92,Good
90,182,5.0,69.0,20.0,0.0,0.0,100,120,7.0,8.0,20.0,2.0,25.0,3,1.0,1,55,96,8,2,3,91,Good
63.0,153,4.0,52.0,5,1.0,0,71.4,17,6.0,3.0,7.0,1.0,14.0,12,1.0,1.0,54,7.6,5,1,1,86,Bad
69.0,180,15.0,85,25,0,0.0,78,14,7.0,8.0,29.0,0.0,10.0,6,1,0.0,84,30,6,1,4,24.1,Good
88,210,6.0,42.0,18.0,0.0,0.0,89.0,17,6.0,6.0,18.0,4.0,28.0,0,1.0,0,44,99,5,2,2,38.9,Bad
60.0,349,1.0,74.0,16.0,1.0,1,95.0,0,2.0,4.0,19.0,4.0,58.0,0,1,0,59,29,5,9,1,73,Good
77.0,187,4.0,95.5,18,0.0,0,95.0,72,6.0,6.0,19.0,1.0,58.0,0,1,0,14,14,2,9,0,56,Good
0,256,14.0,0,18,0.0,0,100.0,0,7.0,8.0,18.0,0.0,44.0,0,1,1.0,21,76,2,6.1,0,45,Bad
62.0,129,3.0,66.0,40,0,0.0,80,12,3.0,2.0,45.0,3.0,20.0,0,4,3.0,49,62,11,3,2,50,Bad
0,0,6.0,0,26.0,2.0,1.0,84.0,37,6.0,5.0,31.0,3.0,45.0,0,0,0,0,0,0,1,0,25,Bad
86,292,9.0,75.0,22.0,0,0.0,91.67,30,7.0,8.0,24.0,2.0,13.0,22,2,2,16,71,5,2,1,20.83,Good
78,150,2.0,106.0,22.0,0,1.0,92.0,8,6.0,4.0,47.0,3.0,16.0,2,1,1,0,0.12,2,5,0,44,Good
60.0,134,4.0,69.0,35.0,2.0,2.0,94.3,6,6.0,8.0,35.0,6.0,26.0,1,6,5.0,66,22,12,4,4,45.7,Bad
0,330,62.0,161.0,5.0,1.0,0,63.0,0,4.0,5.0,8.0,0.0,50.0,0,1.0,1.0,87,0,2,1,0,0,Bad
81.0,120,12.0,86.0,21.0,0.0,0,100.0,7,7.0,8.0,22.0,0.0,55.0,0,0.0,0,0,0,0,0,0,0,Good
59.0,180,3.0,90,12,0,0.0,60.0,8,4.0,5.0,20.0,1.0,25.0,8,0.0,0.0,78,96,5,2,2,88,Good
86,165,3.0,84,26.0,0.0,0.0,100.0,5,7.0,8.0,28.0,1.0,29.0,0,0,0,9,5,4,3,0,25.0,Good
78,317,5.0,132.0,12,2.0,1,80,10,3.0,2.0,15.0,4.0,20.0,0,9.0,7.0,43,20,7,2,2,100,Bad
76.0,108,14.0,58.0,18,0,0,95.0,62,6.0,5.0,19.0,0.0,42.0,0,0.0,0,20,0,4,8,0,86,Bad
73.0,130,4.0,67.0,29,0,0.0,97,30,6.0,6.0,29.0,1.0,38.0,0,0,0,45,22,2,7,2,64,Good
70.0,240,20.0,114.0,23,0,0,85.0,12,4.0,6.0,27.0,0.0,19.0,0,0.0,0,8,5,2,1,1,50,Good
77.0,154,9.0,63.0,26,0.0,0,96.0,7,4.0,6.0,27.0,1.0,63.0,0,0,0,1,0,1,17,0,66.7,Good
57.0,331,11.0,171.0,16.0,0.0,0.0,82.0,2.0,4.0,6.0,17.0,1.0,53.0,0,1.0,0.0,60,30.0,6,2,1.0,47.1,Bad
0,0,2.0,65.0,0,0,0,0,0,7.0,8.0,0.0,2.0,28.0,0,1.0,1.0,19,0,4,0,1,70,Good
70.0,219,3.0,105.0,35.0,2.0,2.0,85,3,6.0,4.0,39.0,5.0,33.0,0,2,1,27,6,10,3,1,88,Good
80.0,158,7.0,58.0,25.0,0,0.0,100.0,158,6.0,7.0,26.0,1.0,19.0,13,0,0.0,19,19,2,2,1,50,Good
61.0,111,1.0,25.0,13,1.0,0,92.86,6,6.0,8.0,14.0,4.0,64.0,0,4,3.0,65,88,2,5,1,50,Bad
90,230,5.0,110,39.0,0.0,0.0,95.0,2,4.0,6.0,39.0,4.0,23.0,0,2,1.0,25,43,5,3,3,20.5,Bad
78,290,6.0,118.0,40.0,1.0,1,86.0,5,5.0,5.0,42.0,2.0,31.0,5,0.0,0.0,79,76,11,10,5,82,Good
63.0,154,20.0,85.0,23,2.0,2.0,92.0,7,4.0,6.0,25.0,0.0,21.0,1,3.0,3.0,92,5,3,1,0,100,Bad
66.0,169,1.0,85.0,28.0,1.0,1.0,93.0,76,6.0,6.0,30.0,3.0,57.0,0,1,0,72,28,6,4,3,91,Bad
86,219,5.0,57.0,19.0,1.0,1,95.0,72,6.0,5.0,21.0,2.0,24.0,0,6.0,6.0,9,6,2,5,0,33.33,Good
61.0,25.0,4.0,120.0,49.0,0.0,1.0,100.0,0.0,6.0,8.0,49.0,2.0,39.0,0,2.0,2.0,73,61,14,4,5,90,Bad
88.0,286,76.0,133.0,4.0,0.0,0.0,100.0,0.0,7.0,8.0,5.0,0.0,60.0,0,0.0,0.0,9,0.0,1,0.0,0.0,20.0,Good
86,179,6.0,97,20,1.0,1.0,80,12,6.0,8.0,25.0,4.0,32.0,0,1,1.0,43,30,6,3,3,75,Bad
86,220,5.0,74.0,16.0,0.0,0.0,100.0,0,7.0,8.0,18.0,1.0,11.0,0,0.0,0,25,5,7,1,1,44.44,Good
70,136,13.0,74.0,3.0,1.0,1.0,75.0,25,6.0,6.0,4.0,0.0,25.0,0,4,3.0,0,0,0,0,0,0,Bad
81.0,397,35.0,108.0,21.0,0.0,0.0,100.0,0,7.0,8.0,21.0,0.0,14.0,0,2.0,1,23,4,13,3,1,81,Bad
70,150,9.0,26.0,7.0,0.0,0.0,53.85,0,7.0,8.0,13.0,3.0,29.0,8,1,1,0,88,0,1,0,0,Good
86,120,8.0,64,23.0,0.0,0.0,96.0,0,4.0,6.0,23.0,2.0,30.0,0,0.0,0.0,41,20.5,6,3,1,39.13,Bad
800,150,10.0,78.0,8.0,0,0,100.0,0,7.0,8.0,8.0,1.0,25.0,0,0.0,0,8,5,1,1,0,40,Good
71.0,150,15.0,83,22,4,7.0,75.0,63,6.0,3.0,29.0,0.0,72.0,14,0.0,0,53,69,1,14,1,67,Good
66.0,100,0.0,61.0,40.0,0.0,0.0,87.0,6,6.0,6.0,46.0,4.0,17.0,0,2,1.0,49,72,6,6,5,26.1,Bad
0,0,16.0,99.0,18.0,0.0,0,0,0,7.0,8.0,0.0,0.0,0.0,1,0,0,18,0,4,0,0,67,Good
86,222,8.0,97,39.0,0.0,0.0,100.0,8,7.0,8.0,41.0,3.0,34.0,7,0.0,0.0,44,18,4,6,0,24.4,Good
67.0,62,8.0,35.0,10.0,0.0,0.0,80.0,7.0,7.0,8.0,10.0,2.0,40.0,0,2.0,2.0,89,49,5,3,5,100,Bad
0,200,3.0,101.5,35.0,0,0.0,100.0,0,7.0,8.0,35.0,4.0,40.0,2,3,3.0,12,98,5,16,0,60,Good
69.0,180,2.0,54.0,20,0,0,80,12,6.0,2.0,26.0,6.0,50.0,0,3.0,2.0,27,57,1,14,0,57,Bad
74.0,462,5.0,66.0,20.0,0.0,0.0,74.07,6,6.0,6.0,27.0,2.0,20.0,4,2.0,2.0,41,3.70,4,1,2,18.52,Good
61.0,67,5.0,29.0,13,0.0,0,93.0,6,4.0,6.0,14.0,1.0,29.0,1,1.0,1.0,73,86,1,2,1,75,Good
78,378,15.0,200,15.0,0.0,0,93.0,6,6.0,6.0,15.0,0.0,13.0,0,1,0.0,59,30,6,2,0,78,Bad
0,0,23.0,69.0,0,3.0,0,100.0,0,6.0,8.0,31.0,0.0,30.0,0,1.0,1.0,35,0,1,2,0,50,Good
85,119,3.0,61.0,8.0,0.0,0.0,88.0,12.0,4.0,6.0,8.0,1.0,75.0,0,3.0,2.0,0,49,0,3.0,0.0,37.5,Bad
70,63,4.0,19.0,13,0,0.0,88.0,36,6.0,6.0,13.0,5.0,25.0,30,2,0.0,20,10,3,2,1,38.5,Good
600,180,2.0,92.0,32,0,0,100,0,7.0,8.0,32.0,3.0,22.0,0,0.0,0.0,18,5,5,1,1,43,Good
56.0,236,4.0,120,29.0,0,0,81.0,12,6.0,4.0,37.0,6.0,86.0,5,1,0,39,68,2,5,2,18.9,Bad
78,132,4.0,68,14,0,1.0,88.0,46,6.0,3.0,16.0,1.0,44.0,0,3,2.0,80,30,2,1,1,60,Good
66.0,22,11.0,16.5,7,0.0,0.0,0,7,7.0,8.0,7.0,2.0,43.0,0,3,2.0,46,20,4,3,1,100,Bad
70,150,11.0,110.0,12.0,4.0,3.0,69.0,4,2.0,4.0,16.0,2.0,38.0,0,2.0,2.0,2,2,1,1,0,12.5,Bad
0,32,2.0,89.0,20.0,0,0.0,0,0,5.0,7.0,3.0,1.0,18.0,0,0,0.0,14,0,4,1,0,83,Good
72.0,203,22.0,80.0,15.0,1.0,1.0,87.5,20,6.0,3.0,16.0,0.0,38.0,8,0.0,0.0,38,38,6,6,2,73,Good
68.0,250,6.0,95,24.0,0.0,0,85,18,6.0,6.0,25.0,1.0,29.0,5,2,0.0,55,77,8,2,1,71,Bad
69.0,173,3.0,78,16,0,0,84.0,20,6.0,5.0,19.0,3.0,58.0,3,1,0,1,1,2,11,0,60,Bad
85,298,5.0,150,11.0,0,0,84.62,6,4.0,2.0,13.0,2.0,46.0,0,0,0.0,41,55,5,4,0,69.23,Bad
78.0,83,12.0,66.0,7,0,0,88.9,12,6.0,5.0,9.0,0.0,48.0,13,0.0,0.0,31,85,6,4,1,100,Bad
78,178,8.0,95,56.0,0.0,0.0,85,12,5.0,8.0,59.0,2.0,17.0,0,2,1.0,48,33,12,4,3,70,Bad
85,157,2.0,70,7,2,4.0,88.0,33,6.0,2.0,8.0,2.0,50.0,120,1.0,1.0,34,95,3,2,0,83,Bad
86,219,2.0,54.0,15,0,0.0,80,2,7.0,8.0,20.0,3.0,20.0,1,5.0,5.0,31,33,8,2,1,77,Good
77.0,219,2.0,97,19.0,0.0,0.0,100.0,30,7.0,8.0,20.0,3.0,20.0,2,2.0,2,44,20,5,2,0,70,Bad
58.0,29,2.0,15.5,11,0.0,0.0,100,13,6.0,6.0,11.0,2.0,45.0,0,10.0,9,55,78,5,5,1,90.91,Bad
79.0,98,10.0,57.0,20.0,0,0,80,13,6.0,6.0,20.0,1.0,55.0,0,1.0,0,4,63,2,6,0,40,Bad
59.0,210,7.0,85,7.0,1.0,1.0,86.0,6,4.0,6.0,24.0,2.0,57.0,2,2,1.0,42,95,1,7,2,33.33,Bad
73.0,104,3.0,39.0,18,0.0,0.0,100,0,7.0,8.0,18.0,4.0,33.0,0,0.0,0,33,69,5,6,0,92,Bad
85,131,17.0,90,20,0.0,0.0,90,0,7.0,8.0,24.0,0.0,45.0,1,1.0,1.0,84,72,4,4,2,73,Bad
84,184,15.0,100,9.0,2.0,2.0,82.0,49,6.0,2.0,11.0,0.0,27.0,0,0.0,0.0,66,30,4,3,1,57,Bad
58.0,151,12.0,50.0,9.0,1,2,67.0,4,4.0,6.0,9.0,0.0,44.0,0,1,0.0,65,86,5,4,2,100,Bad
70,212,5.0,120,14,0.0,0.0,80.0,12,7.0,8.0,18.0,3.0,17.0,0,2.0,2,92,20.0,9,1,6,91,Bad
86,137,4.0,85.0,24.0,0,0.0,88.0,4,4.0,6.0,24.0,2.0,38.0,3,2,1.0,15,8,7,3,5,85,Good
0,108,4.0,58.0,26.0,0,0.0,100.0,0,7.0,8.0,26.0,1.0,12.0,0,0,0,5,0,2,1,0,38,Good
61.0,60,3.0,31.5,4.0,1.0,1.0,80,14,6.0,2.0,5.0,2.0,0.0,12,0,0.0,74,20,4,1,0,100,Bad
85,210,4.0,100,15,1.0,0.0,70.0,6,6.0,5.0,21.0,2.0,10.0,4,2,1.0,67,30,6,1,3,70,Bad
55.0,152,9.0,80.5,43,0,0.0,100,0,6.0,6.0,43.0,3.0,32.0,1,12.0,12.0,92,92,7,11,7,82,Bad
54.0,23,15.0,19.0,3.0,1.0,0.0,75.0,7.0,7.0,8.0,4.0,0.0,33.0,0,0.0,0.0,94,0.0,2,1,0.0,75.0,Bad
66.0,42,3.0,15.0,6.0,1.0,0,85.71,22,6.0,2.0,7.0,3.0,43.0,30,1.0,1.0,0,0,1,2,0,42.86,Good
90,332,14.0,145.0,8.0,0,0,100.0,0,7.0,8.0,8.0,0.0,38.0,0,0.0,0,4,3,2,2,0,60,Good
68.0,206,3.0,63.0,19.0,0.0,0,89.0,0,6.0,6.0,19.0,4.0,26.0,0,0,0,49,60,5,2,1,88,Good
70.0,200.0,4.0,55.0,38.0,0.0,0.0,92.0,0.0,4.0,6.0,39.0,6.0,46.0,0,0.0,0.0,42,53,11,9.0,2,51.3,Bad
86,186,20.0,103.0,27.0,0.0,0,100.0,0,7.0,8.0,28.0,0.0,46.0,1,2.0,1,0,0,1,4,1,17.86,Bad
78,350,13.0,122.0,24.0,0,0,88.0,18,4.0,5.0,25.0,0.0,28.0,8,0.0,0,13,6,3,3,0,58,Good
84.0,146,11.0,49.0,14.0,0.0,0.0,100.0,0,7.0,8.0,14.0,1.0,21.0,4,0,0,1,0.0,2,1,0,50,Good
70.0,153.0,7.0,80.0,57.0,0.0,0.0,98.0,6.0,6.0,6.0,58.0,2.0,43.0,3,2.0,2.0,48,87,10,4,4,74,Bad
80.0,96,4.0,49.0,25.0,0.0,0.0,100.0,0.0,7.0,8.0,25.0,3.0,32.0,0,0,0,3,0,6,3,0,64,Bad
64.0,0,4.0,0,0,0.0,0.0,100.0,0,7.0,8.0,71.0,5.0,52.0,0,0,7.0,82,62,25,36.92,15,87.21,Bad
68.0,269,8.0,87.0,26.0,1,2,65.0,10,4.0,6.0,27.0,3.0,48.0,5,0.0,0.0,39,81,6,16.41,1,83,Good
85,232,3.0,81.0,20,0.0,0.0,100.0,0,7.0,8.0,20.0,3.0,35.0,0,1,1,46,94,4,11,3,75,Good
64.0,300,4.0,151.0,56,2,1.0,76.0,6,6.0,2.0,74.0,3.0,51.0,1,1,0,19,69,9,19,1,38,Good
86,219,2.0,97,20,0,0,100,0,5.0,7.0,29.0,1.0,28.0,0,0,0,3,0,3,1,1,13.79,Good
60,99,1.0,57.0,8.0,3.0,0,57.14,4,4.0,5.0,14.0,4.0,43.0,0,2,2.0,67,87,4,3,1,88,Bad
720,180,7.0,109.0,20,2,1,85,6,4.0,6.0,27.0,3.0,19.0,0,1,0.0,31,60,8,3,1,58,Good
78,220,15.0,100,36.0,0,2.0,86,6,4.0,2.0,42.0,0.0,21.0,0,0.0,0,78,80,12,2,5,61,Bad
73.0,180,7.0,97.0,28.0,0,0,90.32,12,6.0,6.0,31.0,1.0,35.0,0,0,0.0,34,56,4,3,2,22.58,Good
70.0,214,21.0,148.0,15,7.0,7.0,88.0,15,0.0,6.0,17.0,0.0,35.0,12,0.0,0.0,28,7,4,1,2,63,Bad
82.0,286,1.0,110.0,15,0.0,0.0,80.0,12.0,7.0,8.0,17.0,3.0,47.0,6,0.0,0,25,22,4,7,1,89,Good
78.0,210,7.0,100,37.0,0.0,0.0,100.0,0,7.0,8.0,54.0,5.0,42.0,2,0,0,41,84,4,39,0,79,Good
86,219,7.0,97,27.0,0,0.0,100.0,0,7.0,8.0,29.0,1.0,21.0,15,0,0,36,43,6,3,0,31.0,Bad
73.0,489,3.0,63.0,25,0,0.0,93.0,21,6.0,6.0,27.0,3.0,47.0,0,2,2.0,31,80,2,10,1,46,Bad
55.0,234,13.0,110,17,1.0,0.0,70.0,6,3.0,5.0,24.0,0.0,22.0,4,3.0,3.0,46,20,8,3,2,72,Bad
92,217,8.0,93.0,24.0,0.0,0.0,100.0,13,7.0,8.0,28.0,1.0,18.0,13,0.0,0.0,0,0,3,1,0,14.3,Good
600,111,6.0,79.0,9.0,0,0,91.67,12,5.0,2.0,24.0,1.0,67.0,12,0.0,0.0,39,26.0,4,16,2,83.33,Bad
70,216,7.0,112,32.0,0.0,0.0,97,4,4.0,6.0,33.0,3.0,9.0,0,2,1.0,37,82,9,2,4,58,Bad
79.0,60,2.0,39.0,28.0,0.0,0.0,100.0,0,7.0,8.0,31.0,4.0,17.0,0,3.0,3,6,89,3,5,0,46,Good
80,219,7.0,145.0,12.0,0.0,0,100.0,0,7.0,8.0,0.0,2.0,25.0,7,0.0,0,11,5,4,2,0,50,Good
85,240,22.0,93.0,14.0,0.0,0.0,100.0,6,7.0,8.0,16.0,0.0,7.0,4,1.0,0,2,1,4,1,0,31.3,Good
73.0,273,5.0,100.0,23.0,2.0,2.0,88.0,37,6.0,2.0,25.0,2.0,46.0,0,1,0,0,82,1,2,0,12.0,Bad
70,115,8.0,70,7,2.0,2,77.78,6,5.0,2.0,9.0,1.0,56.0,12,0,0.0,78,77,2,1,0,33.33,Bad
76.0,100,7.0,54.0,26.0,0,0.0,70,70,6.0,6.0,40.0,2.0,19.0,0,2.0,2.0,5,79,3,5,1,20,Good
65.0,114,11.0,63.0,14.0,4.0,5,72.0,16,6.0,2.0,19.0,2.0,28.0,10,3.0,2,23,80,3,1,1,57,Good
86,26,2.0,14,7.0,0,0,90.0,4,4.0,6.0,3.0,2.0,60.0,2,2.0,1.0,28,14,2,1,0,100,Bad
77.0,0,1.0,59.0,0,0,0,100.0,0,7.0,8.0,43.0,6.0,9.0,0,0,0,3,0,8,0,1,0,Good
67.0,219,4.0,97,23.0,0,0.0,96.0,5,4.0,6.0,23.0,4.0,39.0,0,0.0,0,9,5,7,4,3,47.8,Good
85,120,3.0,60,20,0,0,90,21,6.0,6.0,29.0,2.0,41.0,0,0.0,0,14,8,2,5,0,24.14,Good
78.0,97,13.0,55.0,14.0,0.0,0.0,93.0,45,6.0,6.0,14.0,0.0,21.0,0.0,0,0,20,65,2,3,0,71,Bad
56.0,201,12.0,67.0,25.0,2.0,2.0,85.0,0,0.0,5.0,26.0,0.0,31.0,12,0,0.0,16,77,3,4,1,58,Bad
57.0,120,7.0,62.0,15,1.0,0,78.9,2,4.0,3.0,19.0,2.0,47.0,0,1.0,1.0,67,62,5,2,2,100,Bad
73.0,403,9.0,149.0,6,2.0,2,75,0,6.0,8.0,8.0,1.0,30.0,2,2,1,17,12,4,2,1,55,Bad
71.0,96,10.0,48,18,0.0,0.0,78,9,7.0,8.0,23.0,1.0,45.0,4,2,1.0,55,71,5,9,3,89,Good
57.0,239,2.0,120.5,28,0.0,0,93.0,5,4.0,6.0,30.0,2.0,37.0,0,4,3.0,63,94,6,2,3,90,Good
61.0,199,9.0,104.0,24.0,0.0,0.0,100.0,0.0,7.0,8.0,24.0,1.0,25.0,6,0.0,0.0,80,20.0,5,2.0,4,63,Bad
85,167,9.0,88.0,57,0,0.0,98.0,23,6.0,6.0,58.0,3.0,21.0,10,0,0,22,15,10,12,0,65,Good
72.0,118,8.0,63.0,19.0,1.0,0.0,95.0,60,6.0,5.0,20.0,1.0,45.0,21,0.0,0.0,53,88,5,4,5,45.0,Bad
66.0,209,19.0,89.0,29.0,0.0,0.0,80.0,6,4.0,6.0,30.0,0.0,50.0,3,1.0,1.0,43,57.0,8,12.0,1,94,Good
85,294,2.0,75.0,11.0,3.0,2.0,56.0,2,0.0,2.0,16.0,1.0,25.0,1,0.0,0,28,8,5,2,0,78,Bad
79.0,54,4.0,21.0,7.0,0.0,0.0,100.0,7.0,7.0,8.0,7.0,2.0,43.0,4.0,2.0,2.0,9,74,2,3.0,0,100,Bad
74.0,218,9.0,113.5,24.0,0.0,0.0,80,7,7.0,8.0,24.0,2.0,38.0,8,0.0,0.0,42,16,7,3,1,77,Good
63.0,380,5.0,125.0,16,0.0,0.0,94.1,7,4.0,6.0,17.0,1.0,18.0,0,1,0,66,34,4,1,3,50,Bad
59.0,213,24.0,118.5,12,0.0,0.0,85.71,5,4.0,6.0,14.0,0.0,54.0,1,11,10.0,104,122,2,1,1,21.43,Good
87.0,182,8.0,73.0,45.0,0.0,0.0,98.0,6,6.0,6.0,45.0,4.0,20.0,15,0.0,0.0,4,4,2,7,0,20,Good
76.0,178,1.0,89.5,10,1,0.0,91,7,7.0,8.0,11.0,1.0,38.0,2,3.0,3.0,98,75,3,6,1,83,Bad
85,184,9.0,75.0,22.0,0.0,0.0,100,0,4.0,6.0,22.0,1.0,18.0,0,1.0,1.0,78,6,8,2,4,79,Bad
66.0,502,4.0,253,36,0.0,0.0,97.0,6,6.0,6.0,37.0,4.0,27.0,4,3.0,3.0,80,53,17,3,5,83,Bad
85,280,2.0,97.0,10,0,0,100.0,6,7.0,8.0,11.0,8.0,20.0,5,2,2,22,15,9,2,1,44,Good
66.0,184,10.0,112.0,32,1.0,0.0,74,12,4.0,5.0,43.0,1.0,28.0,3,1,0.0,58,87,5,2,2,70,Bad
78,155,13.0,77.0,23.0,1.0,1.0,85,7,7.0,8.0,3.0,0.0,17.0,2,1.0,0.0,6,4,4,3,1,64,Bad
63.0,222,6.0,114,26,0,0.0,81,6,6.0,6.0,26.0,5.0,58.0,0,4.0,4.0,86,71,8,18,0,100,Bad
72.0,210,6.0,110,40,0.0,0.0,100.0,0,7.0,8.0,44.0,1.0,34.0,0,2,1.0,66,40,7,3,2,91,Good
64.0,60,0.0,13.0,6,0.0,0.0,67,5,7.0,8.0,9.0,8.0,33.0,0,2,2,65,30,2,2,1,44,Bad
82.0,180,25.0,101.0,17.0,0.0,0.0,100.0,0,7.0,8.0,17.0,0.0,47.0,0,0.0,0,22,11.0,4,2,0,35.3,Good
71.0,219,5.0,80,14.0,0.0,0.0,80,7,4.0,6.0,15.0,1.0,67.0,15,0,0.0,58,71,3,4,2,86,Good
78.0,128,3.0,84.0,7.0,0,0,87.5,0,7.0,8.0,8.0,3.0,63.0,0,2.0,2,30.0,2,1,2,0,37.5,Bad
68.0,130,8.0,51.0,30,2.0,0,83.33,130,6.0,6.0,36.0,2.0,53.0,0,0.0,0,59,24,5,4,0,75,Bad
85.0,158,16.0,70.0,8,0,0.0,100.0,0,7.0,8.0,8.0,0.0,25.0,6,0.0,0,20,5,3,2,0,83,Good
0,0,9.0,98.0,0,0,3.0,74.0,0,0.0,6.0,21.0,1.0,21.0,0,1.0,0,21,0,9,1,0,71,Bad
84.0,312,3.0,86.0,40,0,0,100,0,7.0,8.0,40.0,3.0,25.0,0,0,0,1,0.25,3,10,0,32.5,Good
61.0,59,5.0,35,13,0,0,94.0,6,6.0,6.0,18.0,4.0,56.0,0,2.0,1,48,62,6,10,1,92,Bad
70,120,2.0,24.0,18,0,0,85,0,4.0,6.0,22.0,4.0,18.0,0,0,0.0,48,100,6,4,1,67,Good
85,265,8.0,95,13.0,0.0,0,92,24,7.0,8.0,13.0,1.0,38.0,0,0.0,0.0,47,92,3,8,2,83,Good
